env,demo_tag,arch,seed,n_params,noise_sigma,teacher_return,student_return,student_std,distill_efficiency,final_val_loss,train_time_s
halfcheetah_pomdp,teacher_1000000_noise00,gru,42,50886,0.0,1384.91259765625,1316.8087951646298,374.1159150535131,0.9508244761388731,0.014462586678564548,16.40950083732605
halfcheetah_pomdp,teacher_1000000_noise00,gru,123,50886,0.0,1384.91259765625,1437.8443611779032,30.22095269857326,1.0382202917434877,0.014007377345114947,16.697210788726807
halfcheetah_pomdp,teacher_1000000_noise00,gru,456,50886,0.0,1384.91259765625,1447.0703820760714,40.062957985088474,1.0448820990761538,0.014659747760742903,16.494598388671875
halfcheetah_pomdp,teacher_1000000_noise00,lstm,42,67526,0.0,1384.91259765625,1398.0997682349898,193.79646772088293,1.0095220237010314,0.01562527734786272,16.86901068687439
halfcheetah_pomdp,teacher_1000000_noise00,lstm,123,67526,0.0,1384.91259765625,1435.7744660057674,36.512183586417585,1.0367256882749087,0.016002349834889174,16.819195985794067
halfcheetah_pomdp,teacher_1000000_noise00,lstm,456,67526,0.0,1384.91259765625,1243.6105506266395,398.35147656694767,0.8979704226326323,0.015238459780812263,16.690688848495483
halfcheetah_pomdp,teacher_1000000_noise00,stu,42,338118,0.0,1384.91259765625,1087.5315529389322,403.0768418771989,0.7852708934696752,0.010879609733819962,131.5880162715912
halfcheetah_pomdp,teacher_1000000_noise00,stu,123,338118,0.0,1384.91259765625,1217.0928144564211,432.0512641433573,0.8788228343912549,0.011230186559259892,131.56660056114197
halfcheetah_pomdp,teacher_1000000_noise00,stu,456,338118,0.0,1384.91259765625,952.3781659890417,587.7240073280624,0.6876810620401563,0.01105634868144989,131.47831773757935
halfcheetah_pomdp,teacher_1000000_noise00,transformer,42,232006,0.0,1384.91259765625,1209.068220641278,369.4718047828951,0.8730285381817153,0.01591708492487669,56.010831117630005
halfcheetah_pomdp,teacher_1000000_noise00,transformer,123,232006,0.0,1384.91259765625,1264.3594704659881,397.0068936970341,0.9129525376588534,0.01635174322873354,56.444175243377686
halfcheetah_pomdp,teacher_1000000_noise00,transformer,456,232006,0.0,1384.91259765625,1261.6753145326745,321.12957467740085,0.9110143966253643,0.016143537405878306,56.20218062400818
halfcheetah_pomdp,teacher_1000000_noise03,gru,42,50886,0.3,737.8777465820312,788.640049036381,479.7985774571993,1.0687950039006988,0.09623531326651573,16.512850284576416
halfcheetah_pomdp,teacher_1000000_noise03,gru,123,50886,0.3,737.8777465820312,829.0696322097308,455.92751480796,1.12358671344964,0.09567945301532746,16.04372811317444
halfcheetah_pomdp,teacher_1000000_noise03,gru,456,50886,0.3,737.8777465820312,638.0765156860205,495.58350508339873,0.8647455742386781,0.0961019054055214,16.034634351730347
halfcheetah_pomdp,teacher_1000000_noise03,lstm,42,67526,0.3,737.8777465820312,867.5738778108141,440.0669047637132,1.1757691322574184,0.09843543097376824,16.196590423583984
halfcheetah_pomdp,teacher_1000000_noise03,lstm,123,67526,0.3,737.8777465820312,1080.6680091826856,379.65374979857177,1.4645624077816606,0.09977713599801064,16.560936450958252
halfcheetah_pomdp,teacher_1000000_noise03,lstm,456,67526,0.3,737.8777465820312,1075.034216643579,360.70961898508426,1.4569272777547646,0.09927766248583794,15.916112422943115
halfcheetah_pomdp,teacher_1000000_noise03,stu,42,338118,0.3,737.8777465820312,1175.7410897459308,249.24879670866076,1.59340906429575,0.09278543815016746,131.45126676559448
halfcheetah_pomdp,teacher_1000000_noise03,stu,123,338118,0.3,737.8777465820312,1202.1280274708217,87.43006525297923,1.629169646380139,0.09292849153280258,131.47827315330505
halfcheetah_pomdp,teacher_1000000_noise03,stu,456,338118,0.3,737.8777465820312,1196.3416560264745,241.00989480926415,1.6213277356149065,0.09230109229683876,131.53140950202942
halfcheetah_pomdp,teacher_1000000_noise03,transformer,42,232006,0.3,737.8777465820312,1005.1397892084885,397.62099309629997,1.3622036900617456,0.1336105078458786,56.22340488433838
halfcheetah_pomdp,teacher_1000000_noise03,transformer,123,232006,0.3,737.8777465820312,958.8200370131705,379.4121378497636,1.2994293993206592,0.1317597210407257,59.26665115356445
halfcheetah_pomdp,teacher_1000000_noise03,transformer,456,232006,0.3,737.8777465820312,1119.6112701030984,297.6215412073018,1.5173397968556694,0.13445058912038804,55.994306802749634
halfcheetah_pomdp,teacher_2000000_noise00,gru,42,50886,0.0,1378.299560546875,944.5041791117726,535.5720912118227,0.685267706779952,0.023521275818347932,16.064674139022827
halfcheetah_pomdp,teacher_2000000_noise00,gru,123,50886,0.0,1378.299560546875,1349.8187951805864,90.91595035122107,0.9793363023673982,0.02347128726541996,16.170645236968994
halfcheetah_pomdp,teacher_2000000_noise00,gru,456,50886,0.0,1378.299560546875,1270.6552866393827,135.05488212376517,0.9219006687742237,0.023985622078180314,16.02403163909912
halfcheetah_pomdp,teacher_2000000_noise00,lstm,42,67526,0.0,1378.299560546875,1319.3429077858666,72.38721756183402,0.9572250804914892,0.023099637031555174,16.123270273208618
halfcheetah_pomdp,teacher_2000000_noise00,lstm,123,67526,0.0,1378.299560546875,1308.4831544079905,159.70866040564542,0.9493459853450268,0.023688866198062895,16.221505880355835
halfcheetah_pomdp,teacher_2000000_noise00,lstm,456,67526,0.0,1378.299560546875,1370.7389674151618,52.730099535521546,0.9945145501398017,0.022790811583399774,17.335556030273438
halfcheetah_pomdp,teacher_2000000_noise00,stu,42,338118,0.0,1378.299560546875,1182.4237190962765,43.785959082684855,0.8578858710708144,0.016153068095445634,131.46166348457336
halfcheetah_pomdp,teacher_2000000_noise00,stu,123,338118,0.0,1378.299560546875,1325.288528976467,45.068872510430154,0.9615388170410687,0.016281659621745347,131.5495524406433
halfcheetah_pomdp,teacher_2000000_noise00,stu,456,338118,0.0,1378.299560546875,1213.8992210285019,51.0551817262212,0.8807223449645858,0.016141031961888076,132.3449330329895
halfcheetah_pomdp,teacher_2000000_noise00,transformer,42,232006,0.0,1378.299560546875,1430.1082536497865,49.61672327244641,1.0375888483069349,0.02302482761442661,58.47982668876648
halfcheetah_pomdp,teacher_2000000_noise00,transformer,123,232006,0.0,1378.299560546875,1425.5580311774322,41.86419491388154,1.0342875177380209,0.023225356824696064,56.068443298339844
halfcheetah_pomdp,teacher_2000000_noise00,transformer,456,232006,0.0,1378.299560546875,1441.8852403593835,32.0263997969186,1.0461334252963697,0.02309274971485138,56.289679765701294
halfcheetah_pomdp,teacher_2000000_noise03,gru,42,50886,0.3,810.725341796875,1119.3723636245409,266.1671798955663,1.380704791025265,0.09728027582168579,16.153635025024414
halfcheetah_pomdp,teacher_2000000_noise03,gru,123,50886,0.3,810.725341796875,1056.4021401224863,357.26206001402176,1.303033327885247,0.09750653728842736,16.130186319351196
halfcheetah_pomdp,teacher_2000000_noise03,gru,456,50886,0.3,810.725341796875,1121.765705012171,319.13856668400376,1.3836568899226867,0.09801723808050156,16.159761428833008
halfcheetah_pomdp,teacher_2000000_noise03,lstm,42,67526,0.3,810.725341796875,953.5509698055259,428.48748967787634,1.1761701782900915,0.10038182958960533,16.381637811660767
halfcheetah_pomdp,teacher_2000000_noise03,lstm,123,67526,0.3,810.725341796875,911.8211049584779,388.1937928431143,1.1246979191960822,0.10206887423992157,16.12080717086792
halfcheetah_pomdp,teacher_2000000_noise03,lstm,456,67526,0.3,810.725341796875,838.7964757957982,488.403458302007,1.0346247151183248,0.10003120750188828,16.123870849609375
halfcheetah_pomdp,teacher_2000000_noise03,stu,42,338118,0.3,810.725341796875,1199.4604758471664,36.62316881474238,1.4794905426154643,0.09464704394340515,131.4615125656128
halfcheetah_pomdp,teacher_2000000_noise03,stu,123,338118,0.3,810.725341796875,1156.766701966701,57.53548915889541,1.426829337051272,0.09498854726552963,131.4892885684967
halfcheetah_pomdp,teacher_2000000_noise03,stu,456,338118,0.3,810.725341796875,1220.529468715837,45.36587131921917,1.5054783732437431,0.09458876624703408,131.51377654075623
halfcheetah_pomdp,teacher_2000000_noise03,transformer,42,232006,0.3,810.725341796875,656.9266938360508,552.3487712301852,0.8102950037062515,0.12850340753793715,56.03121781349182
halfcheetah_pomdp,teacher_2000000_noise03,transformer,123,232006,0.3,810.725341796875,468.13247058989225,405.4342329159174,0.5774242477141927,0.1274997442960739,62.8235182762146
halfcheetah_pomdp,teacher_2000000_noise03,transformer,456,232006,0.3,810.725341796875,901.8625425789814,355.33450516663896,1.112414397433429,0.12717078030109405,56.666688680648804
halfcheetah_pomdp,teacher_200000_noise00,gru,42,50886,0.0,533.9777221679688,605.3004236092713,78.4306068615619,1.1335686836367065,0.03735513389110565,16.307284355163574
halfcheetah_pomdp,teacher_200000_noise00,gru,123,50886,0.0,533.9777221679688,571.730875768543,114.4720675644167,1.0707017391049483,0.03721359707415104,16.30041813850403
halfcheetah_pomdp,teacher_200000_noise00,gru,456,50886,0.0,533.9777221679688,517.8336697739262,92.48668590801748,0.9697664308381685,0.03801747150719166,16.042232513427734
halfcheetah_pomdp,teacher_200000_noise00,lstm,42,67526,0.0,533.9777221679688,601.6859949790313,65.56820706778072,1.1267998083069168,0.044661262258887294,16.74215817451477
halfcheetah_pomdp,teacher_200000_noise00,lstm,123,67526,0.0,533.9777221679688,551.9642725711585,96.55473550870528,1.0336840839167667,0.0468460526317358,16.128156661987305
halfcheetah_pomdp,teacher_200000_noise00,lstm,456,67526,0.0,533.9777221679688,355.5262123795943,302.7369945385006,0.6658072006003267,0.04466761313378811,16.388710975646973
halfcheetah_pomdp,teacher_200000_noise00,stu,42,338118,0.0,533.9777221679688,735.5370096260215,102.0350907764086,1.3774675966624876,0.0324221633374691,131.4296760559082
halfcheetah_pomdp,teacher_200000_noise00,stu,123,338118,0.0,533.9777221679688,545.745436985419,97.51477603720744,1.022037838525684,0.03178213387727737,131.49402570724487
halfcheetah_pomdp,teacher_200000_noise00,stu,456,338118,0.0,533.9777221679688,653.8799611204231,84.04622525290335,1.2245453957622932,0.03255566451698542,131.56874799728394
halfcheetah_pomdp,teacher_200000_noise00,transformer,42,232006,0.0,533.9777221679688,107.50070021798686,189.78921588896267,0.2013205715428167,0.08014964386820793,56.44725203514099
halfcheetah_pomdp,teacher_200000_noise00,transformer,123,232006,0.0,533.9777221679688,393.3945122807185,298.36846125777606,0.7367245784777736,0.07954590246081353,55.95255422592163
halfcheetah_pomdp,teacher_200000_noise00,transformer,456,232006,0.0,533.9777221679688,319.9345036879258,236.0434049896848,0.5991532800076007,0.08049223497509957,60.37034797668457
halfcheetah_pomdp,teacher_200000_noise03,gru,42,50886,0.3,463.8608703613281,719.9365095465259,105.75688750860085,1.5520526855083199,0.11750107258558273,16.129016637802124
halfcheetah_pomdp,teacher_200000_noise03,gru,123,50886,0.3,463.8608703613281,655.2295961703995,199.63456026089375,1.412556303056999,0.11600319668650627,15.970560789108276
halfcheetah_pomdp,teacher_200000_noise03,gru,456,50886,0.3,463.8608703613281,718.2314477254748,90.09700589324835,1.5483768811238652,0.11725926920771598,16.12775683403015
halfcheetah_pomdp,teacher_200000_noise03,lstm,42,67526,0.3,463.8608703613281,699.1259291227313,125.3649896127902,1.5071888443147654,0.1284734234213829,15.981162071228027
halfcheetah_pomdp,teacher_200000_noise03,lstm,123,67526,0.3,463.8608703613281,651.73214676239,128.38110361795222,1.4050164357573813,0.1319042682647705,16.006609439849854
halfcheetah_pomdp,teacher_200000_noise03,lstm,456,67526,0.3,463.8608703613281,759.2110289390009,85.76010688405945,1.6367214340532916,0.12545499950647354,16.15671968460083
halfcheetah_pomdp,teacher_200000_noise03,stu,42,338118,0.3,463.8608703613281,696.4034200772857,63.45696231303031,1.5013196080428528,0.1112880565226078,132.20643663406372
halfcheetah_pomdp,teacher_200000_noise03,stu,123,338118,0.3,463.8608703613281,591.7323910344722,112.53064266197751,1.2756678324117694,0.11054660752415657,131.55271697044373
halfcheetah_pomdp,teacher_200000_noise03,stu,456,338118,0.3,463.8608703613281,660.9774485011155,134.35629573296853,1.424947631358174,0.11085782870650292,131.69949769973755
halfcheetah_pomdp,teacher_200000_noise03,transformer,42,232006,0.3,463.8608703613281,22.878728481823682,19.816116712791942,0.04932239372551971,0.17490377128124238,56.36712956428528
halfcheetah_pomdp,teacher_200000_noise03,transformer,123,232006,0.3,463.8608703613281,68.59010705475201,57.62359964079413,0.14786784451407423,0.1752610370516777,56.353610038757324
halfcheetah_pomdp,teacher_200000_noise03,transformer,456,232006,0.3,463.8608703613281,-0.361760679991413,11.425418955895209,-0.0007798904867953544,0.16992066502571107,56.00753712654114
halfcheetah_pomdp,teacher_500000_noise00,gru,42,50886,0.0,1012.5223999023438,1042.37968738123,171.67775711556718,1.0294880266172541,0.03405022993683815,16.332844257354736
halfcheetah_pomdp,teacher_500000_noise00,gru,123,50886,0.0,1012.5223999023438,976.174026664029,312.1884834030251,0.9641011663131399,0.03263029493391514,16.268858194351196
halfcheetah_pomdp,teacher_500000_noise00,gru,456,50886,0.0,1012.5223999023438,1097.1165701130253,115.59416789281882,1.083547949377555,0.033891122043132785,16.07927703857422
halfcheetah_pomdp,teacher_500000_noise00,lstm,42,67526,0.0,1012.5223999023438,1113.5750353887356,153.05768866241206,1.0998028641105997,0.03873715475201607,16.040317058563232
halfcheetah_pomdp,teacher_500000_noise00,lstm,123,67526,0.0,1012.5223999023438,1016.4414057737833,207.11328407820412,1.0038705374536085,0.04155423492193222,16.21738910675049
halfcheetah_pomdp,teacher_500000_noise00,lstm,456,67526,0.0,1012.5223999023438,1066.0296661123054,196.17048490733913,1.0528455135561667,0.039109115675091746,16.116533517837524
halfcheetah_pomdp,teacher_500000_noise00,stu,42,338118,0.0,1012.5223999023438,893.8564392962273,235.7156903695528,0.8828016440746776,0.027266831137239933,131.52508783340454
halfcheetah_pomdp,teacher_500000_noise00,stu,123,338118,0.0,1012.5223999023438,873.6042856679433,158.48791037435137,0.8627999595388715,0.026938390173017978,132.475736618042
halfcheetah_pomdp,teacher_500000_noise00,stu,456,338118,0.0,1012.5223999023438,1091.4980918398746,152.73281378906097,1.0779989577960427,0.0268823504447937,131.40685653686523
halfcheetah_pomdp,teacher_500000_noise00,transformer,42,232006,0.0,1012.5223999023438,1153.0327323765637,284.0709106138867,1.1387725668960726,0.06384704783558845,56.50088906288147
halfcheetah_pomdp,teacher_500000_noise00,transformer,123,232006,0.0,1012.5223999023438,1189.6851893208036,139.0198062413884,1.1749717235248789,0.062485527619719504,56.31388068199158
halfcheetah_pomdp,teacher_500000_noise00,transformer,456,232006,0.0,1012.5223999023438,1043.688523912066,352.9290076676016,1.030780676074651,0.06288793161511422,56.32322645187378
halfcheetah_pomdp,teacher_500000_noise03,gru,42,50886,0.3,592.0337524414062,566.2182112677759,429.0588566687989,0.9563951530344795,0.11094082817435265,16.13465714454651
halfcheetah_pomdp,teacher_500000_noise03,gru,123,50886,0.3,592.0337524414062,811.4082902942502,417.43658975383846,1.3705439714343912,0.10841551721096039,16.02893853187561
halfcheetah_pomdp,teacher_500000_noise03,gru,456,50886,0.3,592.0337524414062,306.73837717587753,582.0210751619026,0.5181096109993079,0.10966781228780746,16.081624507904053
halfcheetah_pomdp,teacher_500000_noise03,lstm,42,67526,0.3,592.0337524414062,528.7600786045568,413.3298418247636,0.8931248875998643,0.11809285953640938,16.99291205406189
halfcheetah_pomdp,teacher_500000_noise03,lstm,123,67526,0.3,592.0337524414062,696.7938428773901,466.9335079038498,1.1769495235769551,0.1189172737300396,16.873499393463135
halfcheetah_pomdp,teacher_500000_noise03,lstm,456,67526,0.3,592.0337524414062,879.000405990521,397.340197619664,1.4847133332613767,0.1172663688659668,16.29084587097168
halfcheetah_pomdp,teacher_500000_noise03,stu,42,338118,0.3,592.0337524414062,719.0359585423311,228.62101323048756,1.2145185229342041,0.10624173805117607,131.5405511856079
halfcheetah_pomdp,teacher_500000_noise03,stu,123,338118,0.3,592.0337524414062,873.9059189643083,52.83378093688144,1.4761082714634568,0.10621303245425225,131.54777717590332
halfcheetah_pomdp,teacher_500000_noise03,stu,456,338118,0.3,592.0337524414062,936.4593709071574,89.04810590894809,1.581766862185512,0.10625970885157585,131.51758646965027
halfcheetah_pomdp,teacher_500000_noise03,transformer,42,232006,0.3,592.0337524414062,444.3592140826489,467.1127465731877,0.7505639876953253,0.17295197397470474,56.029797315597534
halfcheetah_pomdp,teacher_500000_noise03,transformer,123,232006,0.3,592.0337524414062,367.1566740301528,418.8296998658385,0.6201617264490176,0.17207092195749282,56.504432916641235
halfcheetah_pomdp,teacher_500000_noise03,transformer,456,232006,0.3,592.0337524414062,417.86940181464786,456.6163420773874,0.705820234220522,0.15992445796728133,56.2459237575531
ant_pomdp,teacher_1000000_noise00,gru,42,51336,0.0,1423.501708984375,1503.582569410646,450.6771484982529,1.0562562446682318,0.014759000041522086,13.283755540847778
ant_pomdp,teacher_1000000_noise00,gru,123,51336,0.0,1423.501708984375,1982.361569079442,201.41005278327202,1.3925951451746388,0.014774695853702724,14.211288452148438
ant_pomdp,teacher_1000000_noise00,gru,456,51336,0.0,1423.501708984375,1749.955178196037,359.6718313135877,1.2293312801461802,0.01441809197422117,13.3975830078125
ant_pomdp,teacher_1000000_noise00,lstm,42,67976,0.0,1423.501708984375,1728.408618631871,344.26604769238156,1.2141949726671124,0.01537177583668381,13.83701753616333
ant_pomdp,teacher_1000000_noise00,lstm,123,67976,0.0,1423.501708984375,1503.7038992667462,479.5286628616901,1.0563414780440221,0.015787862823344767,13.429563999176025
ant_pomdp,teacher_1000000_noise00,lstm,456,67976,0.0,1423.501708984375,1843.4687822710798,295.8406053642964,1.2950239333301106,0.015712653868831694,13.304737091064453
ant_pomdp,teacher_1000000_noise00,stu,42,338568,0.0,1423.501708984375,1255.626801001565,340.58817975084884,0.8820690506212432,0.014334054081700742,101.11450624465942
ant_pomdp,teacher_1000000_noise00,stu,123,338568,0.0,1423.501708984375,1587.735013564439,485.34021207563535,1.1153727484438634,0.01432671770453453,100.09510827064514
ant_pomdp,teacher_1000000_noise00,stu,456,338568,0.0,1423.501708984375,1223.7062910574955,337.1121714672455,0.8596451155162803,0.014287896687164903,100.49654173851013
ant_pomdp,teacher_1000000_noise00,transformer,42,232456,0.0,1423.501708984375,1629.074471018745,285.93664542034816,1.1444134283344416,0.02138866321183741,45.95921039581299
ant_pomdp,teacher_1000000_noise00,transformer,123,232456,0.0,1423.501708984375,1541.245793099288,147.94764463996498,1.0827143960360397,0.019726994913071394,51.23403263092041
ant_pomdp,teacher_1000000_noise00,transformer,456,232456,0.0,1423.501708984375,1801.661413526701,299.72040712398325,1.2656545490290498,0.019803399685770273,43.69849610328674
ant_pomdp,teacher_1000000_noise03,gru,42,51336,0.3,317.19671630859375,1094.1244635057585,94.58758892321245,3.4493562109933973,0.11341348414619763,9.921327829360962
ant_pomdp,teacher_1000000_noise03,gru,123,51336,0.3,317.19671630859375,1087.6246360325613,317.90187433684497,3.4288647394900362,0.11338575060168903,10.01887822151184
ant_pomdp,teacher_1000000_noise03,gru,456,51336,0.3,317.19671630859375,1252.0479169522991,459.1708333463957,3.947228494428073,0.11317054182291031,9.986186504364014
ant_pomdp,teacher_1000000_noise03,lstm,42,67976,0.3,317.19671630859375,925.1722344616539,51.396159292643006,2.9167144137821848,0.11406578496098518,9.936867237091064
ant_pomdp,teacher_1000000_noise03,lstm,123,67976,0.3,317.19671630859375,968.8872925833772,77.26713024870179,3.054531282224145,0.1145029825468858,10.11506986618042
ant_pomdp,teacher_1000000_noise03,lstm,456,67976,0.3,317.19671630859375,940.8723973296031,16.077761663186305,2.9662110260127945,0.11465274170041084,10.032370567321777
ant_pomdp,teacher_1000000_noise03,stu,42,338568,0.3,317.19671630859375,1143.153273807637,200.85529933011637,3.6039253089098446,0.1130363034705321,73.32260012626648
ant_pomdp,teacher_1000000_noise03,stu,123,338568,0.3,317.19671630859375,1052.2249632773683,204.71318611348252,3.317263102603123,0.11279999713102977,73.33890581130981
ant_pomdp,teacher_1000000_noise03,stu,456,338568,0.3,317.19671630859375,1205.7512762598903,278.350369179673,3.8012728829350215,0.11276502658923467,73.43565726280212
ant_pomdp,teacher_1000000_noise03,transformer,42,232456,0.3,317.19671630859375,953.298610388408,20.8489691711136,3.0053861259426298,0.1292552351951599,32.01458144187927
ant_pomdp,teacher_1000000_noise03,transformer,123,232456,0.3,317.19671630859375,939.0180294330185,5.810232140466746,2.9603649128557445,0.12830119083325067,31.835028648376465
ant_pomdp,teacher_1000000_noise03,transformer,456,232456,0.3,317.19671630859375,992.9742056436386,83.42871107979698,3.13046811202672,0.12973129004240036,31.79164481163025
ant_pomdp,teacher_2000000_noise00,gru,42,51336,0.0,438.8543701171875,2174.1418885568796,393.2113611536422,4.9541306560905785,0.038575176149606705,5.382524251937866
ant_pomdp,teacher_2000000_noise00,gru,123,51336,0.0,438.8543701171875,1657.022755270505,600.4169267606742,3.7757918528372625,0.03832754741112391,5.260993003845215
ant_pomdp,teacher_2000000_noise00,gru,456,51336,0.0,438.8543701171875,1517.2994223170533,895.778626050021,3.457409850816543,0.03798691680034002,5.308093547821045
ant_pomdp,teacher_2000000_noise00,lstm,42,67976,0.0,438.8543701171875,856.3428345876312,573.8278407126239,1.9513143605222878,0.036072333653767906,5.334043025970459
ant_pomdp,teacher_2000000_noise00,lstm,123,67976,0.0,438.8543701171875,1153.971765001725,695.2081211363934,2.6295095675897664,0.03694075718522072,5.296400785446167
ant_pomdp,teacher_2000000_noise00,lstm,456,67976,0.0,438.8543701171875,1703.3466952726928,682.3487728675667,3.8813483726226705,0.03750639408826828,5.521772623062134
ant_pomdp,teacher_2000000_noise00,stu,42,338568,0.0,438.8543701171875,386.89473121786125,298.78392368953513,0.8816016372687563,0.02982407435774803,34.651312589645386
ant_pomdp,teacher_2000000_noise00,stu,123,338568,0.0,438.8543701171875,578.4163918677456,374.4204785413134,1.3180144285980124,0.02970229461789131,34.679725646972656
ant_pomdp,teacher_2000000_noise00,stu,456,338568,0.0,438.8543701171875,523.4494813369806,354.3601012758669,1.1927635155990441,0.029800283412138622,34.630736351013184
ant_pomdp,teacher_2000000_noise00,transformer,42,232456,0.0,438.8543701171875,849.7022222854324,588.8661779100133,1.9361826613656279,0.038689219703276954,15.57039999961853
ant_pomdp,teacher_2000000_noise00,transformer,123,232456,0.0,438.8543701171875,735.5881298294432,606.7063657144098,1.6761554171900321,0.038257488360007606,15.610421895980835
ant_pomdp,teacher_2000000_noise00,transformer,456,232456,0.0,438.8543701171875,987.2172302752637,827.1107689104617,2.249532641116566,0.03873708347479502,15.54482626914978
ant_pomdp,teacher_2000000_noise03,gru,42,51336,0.3,210.45587158203125,1285.7333688528302,596.1075504550967,6.109277727381811,0.12440046109259129,7.052858829498291
ant_pomdp,teacher_2000000_noise03,gru,123,51336,0.3,210.45587158203125,2222.413903314363,34.82017655526932,10.559999522028603,0.1242470070719719,6.936869859695435
ant_pomdp,teacher_2000000_noise03,gru,456,51336,0.3,210.45587158203125,2255.9281861659356,33.88939357730465,10.719245650918428,0.12305611185729504,7.006254434585571
ant_pomdp,teacher_2000000_noise03,lstm,42,67976,0.3,210.45587158203125,2284.5683484920855,31.833888519938764,10.855331957804793,0.12498649768531322,6.886551141738892
ant_pomdp,teacher_2000000_noise03,lstm,123,67976,0.3,210.45587158203125,1909.2003071021984,34.40988668900068,9.071736952504233,0.12673913687467575,7.032709121704102
ant_pomdp,teacher_2000000_noise03,lstm,456,67976,0.3,210.45587158203125,1637.4931762556373,162.890883580108,7.780696085817578,0.12664071843028069,7.228055238723755
ant_pomdp,teacher_2000000_noise03,stu,42,338568,0.3,210.45587158203125,1198.0504583340062,186.4854661941452,5.692644492776869,0.12199724838137627,48.86575698852539
ant_pomdp,teacher_2000000_noise03,stu,123,338568,0.3,210.45587158203125,1503.3095492268226,89.12863322222712,7.143110514932173,0.12153971008956432,48.9005024433136
ant_pomdp,teacher_2000000_noise03,stu,456,338568,0.3,210.45587158203125,1375.8604558056645,378.157492018999,6.537524686116363,0.12177798338234425,48.947484731674194
ant_pomdp,teacher_2000000_noise03,transformer,42,232456,0.3,210.45587158203125,1120.2637028487318,125.05443012358764,5.323033728769485,0.1463528722524643,21.47119665145874
ant_pomdp,teacher_2000000_noise03,transformer,123,232456,0.3,210.45587158203125,1113.4653735263385,75.38854835297377,5.290730855624207,0.14624713361263275,21.527806520462036
ant_pomdp,teacher_2000000_noise03,transformer,456,232456,0.3,210.45587158203125,1039.0991886141271,47.668836709379505,4.9373732403047175,0.14657219871878624,21.517136573791504
ant_pomdp,teacher_200000_noise00,gru,42,51336,0.0,647.480712890625,909.9796340423625,33.69115885785758,1.4054158153682021,0.010519547387957573,12.418203830718994
ant_pomdp,teacher_200000_noise00,gru,123,51336,0.0,647.480712890625,932.5184289131752,47.4157198512483,1.4402258018621472,0.01031084917485714,12.396397590637207
ant_pomdp,teacher_200000_noise00,gru,456,51336,0.0,647.480712890625,839.0414002167857,186.4657649228583,1.2958554340112367,0.010264320698167597,12.324410676956177
ant_pomdp,teacher_200000_noise00,lstm,42,67976,0.0,647.480712890625,795.0386775077349,312.29722270620994,1.227895536777226,0.011213255913129874,12.442966938018799
ant_pomdp,teacher_200000_noise00,lstm,123,67976,0.0,647.480712890625,884.0457981711324,156.75603511709832,1.365362366122663,0.010753065746809756,12.992166757583618
ant_pomdp,teacher_200000_noise00,lstm,456,67976,0.0,647.480712890625,860.8864818072989,198.05835408573398,1.3295940167297666,0.011208227436457361,12.800475835800171
ant_pomdp,teacher_200000_noise00,stu,42,338568,0.0,647.480712890625,853.7112217842972,179.59372925162015,1.3185122039743438,0.010306031709270818,92.90084338188171
ant_pomdp,teacher_200000_noise00,stu,123,338568,0.0,647.480712890625,914.7609919495651,48.951025787340114,1.4128003718685134,0.010122902558318205,92.88955879211426
ant_pomdp,teacher_200000_noise00,stu,456,338568,0.0,647.480712890625,813.1284391116135,243.09451722440278,1.25583422474697,0.010200358661157745,92.87400674819946
ant_pomdp,teacher_200000_noise00,transformer,42,232456,0.0,647.480712890625,862.554850158234,174.39046296457767,1.332170724140072,0.016527789511850903,42.784326791763306
ant_pomdp,teacher_200000_noise00,transformer,123,232456,0.0,647.480712890625,871.9059377888318,169.28267803405495,1.3466129885109297,0.015823859056191786,40.05515146255493
ant_pomdp,teacher_200000_noise00,transformer,456,232456,0.0,647.480712890625,903.9834572056419,11.966493648794254,1.3961550347498095,0.016078247289572443,44.02442669868469
ant_pomdp,teacher_200000_noise03,gru,42,51336,0.3,215.5786895751953,944.5079976815992,5.972651004376054,4.38126792375806,0.10848186761140824,8.030762672424316
ant_pomdp,teacher_200000_noise03,gru,123,51336,0.3,215.5786895751953,962.0747606217858,7.995336470487589,4.46275447038659,0.10849839150905609,7.782569408416748
ant_pomdp,teacher_200000_noise03,gru,456,51336,0.3,215.5786895751953,976.1235465477391,34.53421505734665,4.527922256468029,0.10844495445489884,8.051403045654297
ant_pomdp,teacher_200000_noise03,lstm,42,67976,0.3,215.5786895751953,958.1242856511151,2.8784651802712684,4.444429491333905,0.10997722148895264,7.893550157546997
ant_pomdp,teacher_200000_noise03,lstm,123,67976,0.3,215.5786895751953,945.0615099956518,12.557097195280914,4.383835488832062,0.10938733518123626,7.817382335662842
ant_pomdp,teacher_200000_noise03,lstm,456,67976,0.3,215.5786895751953,953.1545547441435,9.222413924239216,4.421376512782246,0.11019492298364639,8.508442163467407
ant_pomdp,teacher_200000_noise03,stu,42,338568,0.3,215.5786895751953,858.5264270209057,7.067212751655166,3.9824271532249287,0.11021997034549713,55.576841592788696
ant_pomdp,teacher_200000_noise03,stu,123,338568,0.3,215.5786895751953,895.4855933930105,11.615480510013894,4.153868803811701,0.10961305499076843,55.60270118713379
ant_pomdp,teacher_200000_noise03,stu,456,338568,0.3,215.5786895751953,895.7232165105506,4.271696148553108,4.154971060801983,0.10986468642950058,55.589420557022095
ant_pomdp,teacher_200000_noise03,transformer,42,232456,0.3,215.5786895751953,967.550534405028,1.8081735420406153,4.488154818602976,0.12193755805492401,24.48084330558777
ant_pomdp,teacher_200000_noise03,transformer,123,232456,0.3,215.5786895751953,952.2592689639745,2.5230541979142034,4.417223570847526,0.12185816913843155,24.504015684127808
ant_pomdp,teacher_200000_noise03,transformer,456,232456,0.3,215.5786895751953,964.5782251039607,4.937202326608609,4.474367234556871,0.12174714207649232,24.673922061920166
ant_pomdp,teacher_500000_noise00,gru,42,51336,0.0,963.0919189453125,1169.5690687011636,310.4726288382561,1.2143898683959111,0.011244763853028417,13.578577041625977
ant_pomdp,teacher_500000_noise00,gru,123,51336,0.0,963.0919189453125,1020.2372545717956,415.67220609692566,1.0593352872164719,0.010904864175245166,13.667776823043823
ant_pomdp,teacher_500000_noise00,gru,456,51336,0.0,963.0919189453125,1147.3117951329198,294.77990679389876,1.1912796406695505,0.010673037031665444,13.523838996887207
ant_pomdp,teacher_500000_noise00,lstm,42,67976,0.0,963.0919189453125,1155.0782904942762,370.76997852493383,1.199343767476742,0.011374825960956514,13.8831045627594
ant_pomdp,teacher_500000_noise00,lstm,123,67976,0.0,963.0919189453125,1020.3127283511363,362.34301684262516,1.0594136533390153,0.011431145598180592,13.640967607498169
ant_pomdp,teacher_500000_noise00,lstm,456,67976,0.0,963.0919189453125,1189.0618274821618,333.1025720022286,1.2346296382429522,0.011058889678679407,13.28862714767456
ant_pomdp,teacher_500000_noise00,stu,42,338568,0.0,963.0919189453125,927.2735749935597,332.6801218624424,0.9628090078972132,0.010581813985481858,101.84381914138794
ant_pomdp,teacher_500000_noise00,stu,123,338568,0.0,963.0919189453125,1073.2412564793938,263.9743330108229,1.1143705344913561,0.010530491475947201,101.6262469291687
ant_pomdp,teacher_500000_noise00,stu,456,338568,0.0,963.0919189453125,1148.848559994875,111.36375042025293,1.1928752981885524,0.01056546880863607,102.84792590141296
ant_pomdp,teacher_500000_noise00,transformer,42,232456,0.0,963.0919189453125,1083.8061642592145,261.9417119109096,1.1253403158507413,0.016237993258982897,46.681039810180664
ant_pomdp,teacher_500000_noise00,transformer,123,232456,0.0,963.0919189453125,1101.4175463084744,178.24641770858236,1.143626609923841,0.015902665443718433,50.71003746986389
ant_pomdp,teacher_500000_noise00,transformer,456,232456,0.0,963.0919189453125,1020.1779778188104,274.48573760428735,1.0592737388306748,0.016197436721995473,43.49892854690552
ant_pomdp,teacher_500000_noise03,gru,42,51336,0.3,250.62648010253906,1126.7708032003777,122.28637599772873,4.495817053087849,0.11120305396616459,8.115658044815063
ant_pomdp,teacher_500000_noise03,gru,123,51336,0.3,250.62648010253906,1018.3658803996159,51.08888235595169,4.063281262151433,0.11074265092611313,8.2567617893219
ant_pomdp,teacher_500000_noise03,gru,456,51336,0.3,250.62648010253906,1091.2651358602238,122.68314650690853,4.354149391611586,0.11034994944930077,8.208628416061401
ant_pomdp,teacher_500000_noise03,lstm,42,67976,0.3,250.62648010253906,1163.012501096227,149.8166966960653,4.6404214774927315,0.11189024709165096,8.458986759185791
ant_pomdp,teacher_500000_noise03,lstm,123,67976,0.3,250.62648010253906,1163.6001687609792,146.26797125553554,4.642766272282619,0.11119313724339008,8.125272035598755
ant_pomdp,teacher_500000_noise03,lstm,456,67976,0.3,250.62648010253906,1157.0152812376577,213.81360616368974,4.61649256201614,0.11109466664493084,8.052812099456787
ant_pomdp,teacher_500000_noise03,stu,42,338568,0.3,250.62648010253906,1015.7385556515108,41.667626304036915,4.052798232796234,0.11037102527916431,58.9364070892334
ant_pomdp,teacher_500000_noise03,stu,123,338568,0.3,250.62648010253906,1115.313306960354,55.45730844052524,4.45010162734618,0.10984046570956707,58.97562098503113
ant_pomdp,teacher_500000_noise03,stu,456,338568,0.3,250.62648010253906,1118.7258493767513,97.95948320397979,4.463717676276848,0.10987017303705215,59.04009294509888
ant_pomdp,teacher_500000_noise03,transformer,42,232456,0.3,250.62648010253906,1142.8424235026864,100.88219222839162,4.559942840178397,0.1285323202610016,25.702895402908325
ant_pomdp,teacher_500000_noise03,transformer,123,232456,0.3,250.62648010253906,1060.5299328940594,49.67322245340611,4.231515889542732,0.12723563611507416,25.539236068725586
ant_pomdp,teacher_500000_noise03,transformer,456,232456,0.3,250.62648010253906,1067.5059041785985,50.54360194850393,4.259350024553865,0.128593560308218,25.493943691253662
